class,count,share_pct
0,101,89.38053097345133
1,12,10.619469026548673
