Model,ROC_AUC
Ridge,0.6518151815181519
RandomForest,0.49504950495049505
XGBoost,0.5453795379537953
LSTM,0.4490358126721763
